{
	"info": {
		"_postman_id": "cf86eec1-6e6b-406a-8a29-51670e5de928",
		"name": "Inventory Management APIs",
		"schema": "https://schema.getpostman.com/json/collection/v2.1.0/collection.json",
		"_exporter_id": "31656834"
	},
	"item": [
		{
			"name": "Category",
			"item": [
				{
					"name": "Get category List",
					"request": {
						"auth": {
							"type": "bearer",
							"bearer": [
								{
									"key": "token",
									"value": "{{auth_token}}",
									"type": "string"
								}
							]
						},
						"method": "GET",
						"header": [
							{
								"key": "Accept",
								"value": "application/json",
								"type": "text"
							}
						],
						"url": {
							"raw": "{{base_url}}/category",
							"host": [
								"{{base_url}}"
							],
							"path": [
								"category"
							]
						}
					},
					"response": []
				},
				{
					"name": "Create category",
					"request": {
						"method": "POST",
						"header": [
							{
								"key": "Accept",
								"value": "application/json",
								"type": "text"
							}
						],
						"body": {
							"mode": "formdata",
							"formdata": [
								{
									"key": "name",
									"value": "anbu",
									"type": "text"
								},
								{
									"key": "description",
									"value": "xx",
									"type": "text"
								}
							]
						},
						"url": {
							"raw": "{{base_url}}/category",
							"host": [
								"{{base_url}}"
							],
							"path": [
								"category"
							]
						}
					},
					"response": []
				},
				{
					"name": "View a category",
					"request": {
						"auth": {
							"type": "bearer",
							"bearer": [
								{
									"key": "token",
									"value": "{{auth_token}}",
									"type": "string"
								}
							]
						},
						"method": "GET",
						"header": [],
						"url": {
							"raw": "{{base_url}}/category/3",
							"host": [
								"{{base_url}}"
							],
							"path": [
								"category",
								"3"
							]
						}
					},
					"response": []
				},
				{
					"name": "Update category",
					"request": {
						"auth": {
							"type": "bearer",
							"bearer": [
								{
									"key": "token",
									"value": "{{auth_token}}",
									"type": "string"
								}
							]
						},
						"method": "PUT",
						"header": [
							{
								"key": "Accept",
								"value": "application/json",
								"type": "text"
							}
						],
						"body": {
							"mode": "raw",
							"raw": "{\r\n    \"name\": \"anbu Ayya\",\r\n    \"description\": \"demo\"\r\n}",
							"options": {
								"raw": {
									"language": "json"
								}
							}
						},
						"url": {
							"raw": "{{base_url}}/category/3",
							"host": [
								"{{base_url}}"
							],
							"path": [
								"category",
								"3"
							]
						}
					},
					"response": []
				},
				{
					"name": "Delete a category",
					"request": {
						"auth": {
							"type": "bearer",
							"bearer": [
								{
									"key": "token",
									"value": "{{auth_token}}",
									"type": "string"
								}
							]
						},
						"method": "DELETE",
						"header": [],
						"url": {
							"raw": "{{base_url}}/category/1",
							"host": [
								"{{base_url}}"
							],
							"path": [
								"category",
								"1"
							]
						}
					},
					"response": []
				}
			]
		},
		{
			"name": "Item",
			"item": [
				{
					"name": "Delete item",
					"request": {
						"auth": {
							"type": "bearer",
							"bearer": [
								{
									"key": "token",
									"value": "{{auth_token}}",
									"type": "string"
								}
							]
						},
						"method": "DELETE",
						"header": [
							{
								"key": "Accept",
								"value": "application/json",
								"type": "text"
							}
						],
						"url": {
							"raw": "{{base_url}}/item/16",
							"host": [
								"{{base_url}}"
							],
							"path": [
								"item",
								"16"
							]
						}
					},
					"response": []
				},
				{
					"name": "List items",
					"request": {
						"auth": {
							"type": "bearer",
							"bearer": [
								{
									"key": "token",
									"value": "{{auth_token}}",
									"type": "string"
								}
							]
						},
						"method": "GET",
						"header": [
							{
								"key": "Accept",
								"value": "application/json",
								"type": "text"
							}
						],
						"url": {
							"raw": "{{base_url}}/item",
							"host": [
								"{{base_url}}"
							],
							"path": [
								"item"
							]
						}
					},
					"response": []
				},
				{
					"name": "Create an item",
					"request": {
						"auth": {
							"type": "bearer",
							"bearer": [
								{
									"key": "token",
									"value": "{{auth_token}}",
									"type": "string"
								}
							]
						},
						"method": "POST",
						"header": [
							{
								"key": "Accept",
								"value": "application/json",
								"type": "text"
							}
						],
						"body": {
							"mode": "raw",
							"raw": "{\r\n    \"name\": \"item 1212\",\r\n    \"description\": \"222\",\r\n    \"price\": \"200\",\r\n    \"quantity\": 0,\r\n    \"category_id\": [12,1] /* Array of category ids */\r\n}",
							"options": {
								"raw": {
									"language": "json"
								}
							}
						},
						"url": {
							"raw": "{{base_url}}/item",
							"host": [
								"{{base_url}}"
							],
							"path": [
								"item"
							]
						}
					},
					"response": []
				},
				{
					"name": "Update an item",
					"request": {
						"auth": {
							"type": "bearer",
							"bearer": [
								{
									"key": "token",
									"value": "{{auth_token}}",
									"type": "string"
								}
							]
						},
						"method": "PUT",
						"header": [
							{
								"key": "Accept",
								"value": "application/json",
								"type": "text"
							}
						],
						"body": {
							"mode": "raw",
							"raw": "{\r\n    \"name\": \"item 2121\",\r\n    \"description\": \"222\",\r\n    \"price\": \"30.00\",\r\n    \"quantity\": 10,\r\n    \"category_id\": [2]\r\n}",
							"options": {
								"raw": {
									"language": "json"
								}
							}
						},
						"url": {
							"raw": "{{base_url}}/item/16",
							"host": [
								"{{base_url}}"
							],
							"path": [
								"item",
								"16"
							]
						}
					},
					"response": []
				},
				{
					"name": "View an Item",
					"request": {
						"auth": {
							"type": "bearer",
							"bearer": [
								{
									"key": "token",
									"value": "{{auth_token}}",
									"type": "string"
								}
							]
						},
						"method": "GET",
						"header": [
							{
								"key": "Accept",
								"value": "application/json",
								"type": "text"
							}
						],
						"url": {
							"raw": "{{base_url}}/item/29",
							"host": [
								"{{base_url}}"
							],
							"path": [
								"item",
								"29"
							]
						}
					},
					"response": []
				}
			]
		}
	]
}